{"data":{"Year":[2000,2001,2002,2003,2004,2005,2006,2007,2008,2009,2010,2011,2012,2013,2014,2015,2016,2017,2018,2019,2020],"Value":[830.62167,791.42333,722.46533,1017.12867,1208.50193,1257.96498,1603.18193,1834.40551,1893.32536,2016.32398,1857.51462,1648.62843,1782.00712,1836.87836,3982.74702,2992.12411,2158.36231,2137.02108,2704.04318,2370.74792,3727.66446]},"edges":[]}