{"data":{"Year":[2000,2001,2002,2003,2004,2005,2006,2007,2008,2009,2010,2011,2012,2013,2014,2015,2016,2017,2018,2019,2020],"Value":[55.20228,40.87682,41.49603,44.64159,54.47219,58.70756,63.96824,66.36609,73.20818,74.00163,61.98063,71.59416,72.34492,71.14477,68.97827,73.13647,73.78925,73.98635,74.61944,67.53621,56.75142]},"edges":[]}