{"data":{"Year":[2016,2017,2018,2019],"Value":[7063316.2334000003,6559175.0548999999,1648412.2043000001,5972319.1770000001]},"edges":[]}