{"data":{"Year":[2000,2001,2002,2003,2004,2005,2006,2007,2008,2009,2010,2011,2012,2013,2014,2015,2016,2017,2018,2019,2020],"NATURE":["M","M","M","M","M","M","M","M","M","M","M","M","M","M","M","E","E","E","E","E","_X"],"UPPER_BOUND":["620.91","650.947","637.517","620.274","575.656","555.178","537.286","529.453","519.868","521.234","505.532","491.307","473.564","428.403","388.027","345.937","374.305","409.731","419.962","410.588","446.324"],"LOWER_BOUND":["374.786","393.599","381.801","373.873","346.209","335.905","325.078","321.994","330.885","340.245","325.818","311.168","295.033","254.363","219.181","177.721","200.442","194.805","172.185","173.862","187.643"],"COMMENT_OBS":[null,null,null,null,null,null,null,null,null,null,null,null,null,null,null,null,null,null,null,null,"Nature of data for some countries in this region are either (M) modelled, E(Estimated), CA (Country adjusted ) or  (C) Country data"],"Value":[487.22552,507.97438,500.15256,484.12468,449.82469,433.64529,421.31038,415.41355,417.96071,423.05133,409.43666,394.67972,376.55597,332.34441,294.28238,253.51478,283.13713,294.90326,262.69158,262.69156,283.81753]},"edges":{"From":["NATURE","UPPER_BOUND","LOWER_BOUND"],"To":["UPPER_BOUND","LOWER_BOUND","COMMENT_OBS"]}}