{"data":{"Year":[2000,2001,2002,2003,2004,2005,2006,2007,2008,2009,2010,2011,2012,2013,2014,2015,2016,2017,2018,2019,2020],"Value":[1.58939,5.47072,3.74624,2.83567,2.48681,6.57705,3.72643,4.711,6.99742,3.56147,16.16439,1.22804,0.38739,-3.59194,4.77771,2.7307,-2.88529,3.12231,1.84031,3.96058,-4.03089]},"edges":[]}