{"data":{"Year":[2002,2003,2004,2005,2006,2007,2008,2009,2010,2014],"COMMENT_OBS":[null,null,null,null,null,null,null,null,null,"Break in series with previous year for which data are available"],"Value":[0.36756,0.25612,0.26056,0.21514,0.30033,0.38821,0.32632,0.25547,0.3599,0.14265]},"edges":[]}