Year,Value
2010,34.2921414714229
2011,34.55467502415
2012,35.4751443599043
2013,34.8697749119359
2014,34.2651188136834
2015,34.5497957228034
2016,35.1011024696717
2017,33.8130066594764
2018,34.4598939531722
2019,33.7906721897024
