Year,Value
2002,0.36756
2003,0.25612
2004,0.26056
2005,0.21514
2006,0.30033
2007,0.38821
2008,0.32632
2009,0.25547
2010,0.3599
