Year,Value
2005,35.48496
2010,71.82943
2015,59.60254
2016,79.89691
2017,85.69728
2018,86.41877
2019,84.09522
2020,70.34332
