Year,Value
2000,80.90118
2002,78.21228
2004,75.52337
2006,72.83447
2008,70.14557
2010,67.45666
2012,64.76776
2014,62.07886
2016,59.38995
2018,56.70105
2020,54.01214
