Year,Value
2012,22.77854
2013,24.10691
2014,25.11097
2015,26.90695
2016,27.78429
2017,28.46431
2018,32.41871
2019,34.26062
