Year,Value
2000,3.01555
2001,3.16171
2002,3.30787
2003,3.72789
2004,4.14791
2005,4.56793
2006,4.98795
2007,5.40797
2008,5.828
2009,5.828
2010,5.828
2011,5.828
2012,5.828
2013,5.828
2014,5.828
2015,5.828
2016,5.828
2017,5.828
2018,5.828
2019,5.828
