{"data":{"Year":[2005,2010,2015,2016,2017,2018,2019,2020,2005,2010,2015,2016,2017,2018,2019,2020,2010,2015,2016,2019,2005,2010,2015,2016,2017,2018,2019,2020,2005,2010,2015,2016,2017,2018,2019,2020,2015,2016,2017,2018,2019,2005,2010,2015,2016,2017,2018,2019,2020],"Type of product":[null,null,null,null,null,null,null,null,"Agriculture products","Agriculture products","Agriculture products","Agriculture products","Agriculture products","Agriculture products","Agriculture products","Agriculture products","Arms","Arms","Arms","Arms","Clothing","Clothing","Clothing","Clothing","Clothing","Clothing","Clothing","Clothing","Industrial products","Industrial products","Industrial products","Industrial products","Industrial products","Industrial products","Industrial products","Industrial products","Oil","Oil","Oil","Oil","Oil","Textiles","Textiles","Textiles","Textiles","Textiles","Textiles","Textiles","Textiles"],"Observation-level footnotes":[null,null,null,null,null,null,null,null,null,null,null,null,null,null,null,null,null,null,null,null,null,null,null,null,null,null,null,null,null,null,null,null,null,null,null,null,"Obs_Value = 0;  ","Obs_Value = 0;  ","Obs_Value = 0;  ","Obs_Value = 0;  ","Obs_Value = 0;  ",null,null,null,null,null,null,null,null],"COMMENT_OBS":[null,null,null,null,null,null,null,null,null,null,null,null,null,null,null,null,null,null,null,null,null,null,null,null,null,null,null,null,null,null,null,null,null,null,null,null,null,null,null,null,"Obs_Value = 0;  ",null,null,null,null,null,null,null,null],"Value":[35.48496,71.82943,59.60254,79.89691,85.69728,86.41877,84.09522,70.34332,41.20301,74.63768,62.83249,77.19498,82.46298,82.61886,83.00166,71.84192,100.0,100.0,100.0,100.0,25.0,84.88372,55.8011,81.57895,84.689,86.60287,79.10448,67.54386,34.53947,70.19833,59.32472,80.25093,86.97518,87.90769,84.57516,69.65909,50.0,100.0,100.0,100.0,0.0,24.5283,72.22222,50.50167,88.74172,86.31579,86.36364,87.41007,73.3119]},"edges":{"From":["Type of product","Observation-level footnotes"],"To":["Observation-level footnotes","COMMENT_OBS"]}}