{"data":{"Year":[2002,2003,2004,2005,2006,2007,2008,2009,2010,2011,2012,2013,2014,2015,2016,2017,2018,2019,2020],"Value":[2.94344,2.02039,9.07555,3.56247,4.07124,36.76161,26.27546,34.66892,108.41057,47.12414,31.52629,137.55379,95.91275,107.48127,71.58197,55.85457,40.3652,129.3008,31.27336]},"edges":[]}