{"data":{"Year":[1980,1981,1982,1983,1984,1985,1986,1987,1988,1989,1990,1991,1992,1993,1994,1995,1996,1997,1998,1999,2000,2001,2002,2003,2004,2005,2006,2007,2008,2009,2010,2011,2012,2013,2014,2015,2016,2017,2018,2019,2020],"Value":[15.75018,22.82297,17.08271,22.72226,29.79475,41.13968,40.24063,47.21102,74.59488,66.11816,78.63517,72.26152,56.93561,45.00558,27.00718,19.53817,17.87581,19.70107,20.24803,17.90054,10.00304,6.55499,9.60768,10.43436,8.68129,10.61735,5.28811,2.50764,2.13634,1.99589,1.76119,1.47435,1.35791,1.63642,1.97689,1.84505,2.09904,3.45792,5.2543,4.4543,5.46649]},"edges":[]}