{"data":{"Year":[2000,2005,2010,2015,2019,2000,2005,2010,2015,2019,2000,2005,2010,2015,2019],"UPPER_BOUND":["17.72","17.1316","17.8762","15.2865","14.7449","7.42392","7.16784","7.63941","6.2579","5.97549","29.1894","28.2086","29.53","25.6966","24.675"],"LOWER_BOUND":["12.4632","12.0015","12.4895","10.6284","10.3083","5.15328","4.98134","5.2699","4.2552","4.11174","20.4415","19.8105","20.6417","17.8392","17.3066"],"Sex":[null,null,null,null,null,"Female","Female","Female","Female","Female","Male","Male","Male","Male","Male"],"Upper bound value":["14.7449","14.7449","14.7449","14.7449","14.7449","5.97549","5.97549","5.97549","5.97549","5.97549","24.675","24.675","24.675","24.675","24.675"],"Lower bound value":["10.3083","10.3083","10.3083","10.3083","10.3083","4.11174","4.11174","4.11174","4.11174","4.11174","17.3066","17.3066","17.3066","17.3066","17.3066"],"Value":[15.23914,14.30846,15.26916,12.98749,12.48312,6.26569,5.90218,6.32521,5.16065,4.93795,24.81911,23.29061,24.95684,21.48617,20.61092]},"edges":{"From":["UPPER_BOUND","LOWER_BOUND","Lower bound value","Upper bound value"],"To":["LOWER_BOUND","Upper bound value","Sex","Lower bound value"]}}