{"data":{"Year":[2000,2001,2002,2003,2004,2005,2006,2007,2008,2009,2010,2011,2012,2013,2014,2015,2016,2017,2018,2019,2000,2001,2002,2003,2004,2005,2006,2007,2008,2009,2010,2011,2012,2013,2014,2015,2016,2017,2018,2019,2000,2001,2002,2003,2004,2005,2006,2007,2008,2009,2010,2011,2012,2013,2014,2015,2016,2017,2018,2019,2000,2001,2002,2003,2004,2005,2006,2007,2008,2009,2010,2011,2012,2013,2014,2015,2016,2017,2018,2019],"Economic activity":[null,null,null,null,null,null,null,null,null,null,null,null,null,null,null,null,null,null,null,null,"Agriculture (ISIC4 A01 A0210 A0322)","Agriculture (ISIC4 A01 A0210 A0322)","Agriculture (ISIC4 A01 A0210 A0322)","Agriculture (ISIC4 A01 A0210 A0322)","Agriculture (ISIC4 A01 A0210 A0322)","Agriculture (ISIC4 A01 A0210 A0322)","Agriculture (ISIC4 A01 A0210 A0322)","Agriculture (ISIC4 A01 A0210 A0322)","Agriculture (ISIC4 A01 A0210 A0322)","Agriculture (ISIC4 A01 A0210 A0322)","Agriculture (ISIC4 A01 A0210 A0322)","Agriculture (ISIC4 A01 A0210 A0322)","Agriculture (ISIC4 A01 A0210 A0322)","Agriculture (ISIC4 A01 A0210 A0322)","Agriculture (ISIC4 A01 A0210 A0322)","Agriculture (ISIC4 A01 A0210 A0322)","Agriculture (ISIC4 A01 A0210 A0322)","Agriculture (ISIC4 A01 A0210 A0322)","Agriculture (ISIC4 A01 A0210 A0322)","Agriculture (ISIC4 A01 A0210 A0322)","Industries","Industries","Industries","Industries","Industries","Industries","Industries","Industries","Industries","Industries","Industries","Industries","Industries","Industries","Industries","Industries","Industries","Industries","Industries","Industries","Services (G to T)","Services (G to T)","Services (G to T)","Services (G to T)","Services (G to T)","Services (G to T)","Services (G to T)","Services (G to T)","Services (G to T)","Services (G to T)","Services (G to T)","Services (G to T)","Services (G to T)","Services (G to T)","Services (G to T)","Services (G to T)","Services (G to T)","Services (G to T)","Services (G to T)","Services (G to T)"],"Value":[3.01555,3.16171,3.30787,3.72789,4.14791,4.56793,4.98795,5.40797,5.828,5.828,5.828,5.828,5.828,5.828,5.828,5.828,5.828,5.828,5.828,5.828,1.1,1.1,1.1,1.31,1.52,1.73,1.95,2.16,2.37,2.37,2.37,2.37,2.37,2.37,2.37,2.37,2.37,2.37,2.37,2.37,0.53,0.48,0.42,0.43,0.43,0.44,0.45,0.45,0.46,0.46,0.46,0.46,0.46,0.46,0.46,0.46,0.46,0.46,0.46,0.46,1.39,1.59,1.79,1.99,2.19,2.4,2.6,2.8,3.0,3.0,3.0,3.0,3.0,3.0,3.0,3.0,3.0,3.0,3.0,3.0]},"edges":[]}