{"Year":[2000,2002,2004,2006,2008,2010,2012,2014,2016,2018,2020],"Value":[80.90118,78.21228,75.52337,72.83447,70.14557,67.45666,64.76776,62.07886,59.38995,56.70105,54.01214]}