{"Year":[2000,2001,2002,2003,2004,2005,2006,2007,2008,2009,2010,2011,2012,2013,2014,2015,2016,2017,2018,2019,2020,2021],"UPPER_BOUND":["86.3813","86.3813","86.6564","86.6564","86.6564","86.6564","86.6564","86.6564","86.6564","86.6564","86.6564","86.6564","86.6564","86.6564","86.6564","86.6564","86.6564","86.6564","86.6564","86.6564","86.6564","86.6564"],"LOWER_BOUND":["83.1862","83.1862","86.6564","86.6564","86.6564","86.6564","86.6564","86.6564","86.6564","86.6564","86.6564","86.6564","86.6564","86.6564","86.6564","86.6564","86.6564","86.6564","86.6564","86.6564","86.6564","86.6564"],"Value":[86.38127,86.38127,86.65639,86.65639,86.65639,86.65639,86.65639,86.65639,86.65639,86.65639,86.65639,86.65639,86.65639,86.65639,86.65639,86.65639,86.65639,86.65639,86.65639,86.65639,86.65639,86.65639]}