{"Year":[1999,2000,2001,2002,2003,2004,2005,2006,2007,2008,2009,2010,2011,2012,2013,2014,2015,2016,2017,2018,2019,2020],"Value":[3.8776,3.84451,5.96823,7.15102,4.52233,3.91124,3.48307,4.11921,3.7939,5.01039,3.1085,2.88973,2.92853,3.34457,3.25312,2.7217,2.78554,3.92429,3.7917,4.0637,4.02938,2.82418]}