{"Year":[2006,2007,2008,2009,2010,2011,2012,2013,2014,2015,2016,2017,2018,2019,2020],"Value":[0.82173,2.08575,1.61342,3.41394,2.13945,4.86034,3.98898,4.91414,4.19307,5.86055,4.64438,4.0702,3.92773,6.38747,5.42458]}