{"Year":[2012,2013,2014,2015,2016,2017,2018,2019,2012,2013,2014,2015,2016,2017,2018,2019,2000,2001,2002,2003,2004,2005,2006,2007,2008,2009,2010,2011,2012,2013,2014,2015,2016,2017,2018,2019,2000,2001,2002,2003,2004,2005,2006,2007,2008,2009,2010,2011,2012,2013,2014,2015,2016,2017,2018,2019],"Economic activity":[null,null,null,null,null,null,null,null,"Agriculture (ISIC4 A01 A0210 A0322)","Agriculture (ISIC4 A01 A0210 A0322)","Agriculture (ISIC4 A01 A0210 A0322)","Agriculture (ISIC4 A01 A0210 A0322)","Agriculture (ISIC4 A01 A0210 A0322)","Agriculture (ISIC4 A01 A0210 A0322)","Agriculture (ISIC4 A01 A0210 A0322)","Agriculture (ISIC4 A01 A0210 A0322)","Industries","Industries","Industries","Industries","Industries","Industries","Industries","Industries","Industries","Industries","Industries","Industries","Industries","Industries","Industries","Industries","Industries","Industries","Industries","Industries","Services (G to T)","Services (G to T)","Services (G to T)","Services (G to T)","Services (G to T)","Services (G to T)","Services (G to T)","Services (G to T)","Services (G to T)","Services (G to T)","Services (G to T)","Services (G to T)","Services (G to T)","Services (G to T)","Services (G to T)","Services (G to T)","Services (G to T)","Services (G to T)","Services (G to T)","Services (G to T)"],"Observation-level footnotes":[null,null,null,null,null,null,null,null,"Obs_Value = NaN;  NaN = A figure was not provided","Obs_Value = NaN;  NaN = A figure was not provided","Obs_Value = NaN;  NaN = A figure was not provided","Obs_Value = NaN;  NaN = A figure was not provided","Obs_Value = NaN;  NaN = A figure was not provided","Obs_Value = NaN;  NaN = A figure was not provided","Obs_Value = NaN;  NaN = A figure was not provided","Obs_Value = NaN;  NaN = A figure was not provided",null,null,null,null,null,null,null,null,null,null,null,null,null,null,null,null,null,null,null,null,null,null,null,null,null,null,null,null,null,null,null,null,null,null,null,null,null,null,null,null],"Value":[22.77854,24.10691,25.11097,26.90695,27.78429,28.46431,32.41871,34.26062,0.04113,0.02348,0.04284,0.04307,0.04347,0.04851,0.046,0.04629,24.29015,30.44333,37.63866,37.92852,40.6163,43.75744,45.2942,49.83322,55.98558,53.27181,64.28199,79.11125,75.89798,78.92327,79.21854,85.36893,88.49363,87.36392,102.02251,108.99162,29.92089,29.71671,28.9758,27.28862,26.29328,26.11167,26.99429,27.36849,27.26048,28.24989,31.52593,30.86486,32.6353,34.76786,36.65752,39.20771,40.43492,41.92379,47.37098,49.88551]}