Year,Sex,Value
2010,,34.1144
2010,Female,35.13613
2010,Male,33.11286
