{"Year":[2010,2011,2012,2013,2014,2015,2016,2017,2018,2019,2010,2011,2012,2013,2014,2015,2016,2017,2018,2019,2010,2011,2012,2013,2014,2015,2016,2017,2018,2019,2010,2011,2012,2013,2014,2015,2016,2017,2018,2019,2010,2011,2012,2013,2014,2015,2016,2017,2018,2019],"Degree of urbanisation":[null,null,null,null,null,null,null,null,null,null,"City","City","City","City","City","City","City","City","City","City","Rural","Rural","Rural","Rural","Rural","Rural","Rural","Rural","Rural","Rural","Town and semi-dense area","Town and semi-dense area","Town and semi-dense area","Town and semi-dense area","Town and semi-dense area","Town and semi-dense area","Town and semi-dense area","Town and semi-dense area","Town and semi-dense area","Town and semi-dense area","Urban","Urban","Urban","Urban","Urban","Urban","Urban","Urban","Urban","Urban"],"Value":[34.2921414714,34.5546750242,35.4751443599,34.8697749119,34.2651188137,34.5497957228,35.1011024697,33.8130066595,34.4598939532,33.7906721897,39.4352058863,40.0517183585,40.5523347082,40.0766439688,39.7524333496,40.0985956274,40.3808132728,39.1851880705,40.049951347,39.7921733717,33.1757065095,33.237566891,34.3421767524,33.8041703613,32.9792529585,33.2868063745,33.8763549409,32.5236680858,33.1104821296,32.292122395,33.4572970483,33.7390489983,34.6533465201,33.9489124976,33.3971255775,33.6333381987,34.2325237075,32.9461402196,33.5494449,32.8334953712,34.8886801364,35.2570162627,36.078090081,35.4357481115,34.9467252081,35.2179399479,35.7477142073,34.4923617138,35.1695154072,34.5772399476]}