{"Year":[1990,1991,1992,1993,1994,1995,1996,1997,1998,1999,2000,2001,2002,2003,2004,2005,2006,2007,2008,2009,2010,2011,2012,2013,2014,2015,2016,2017,2018,2019,2020],"Value":[-5.91,1.0,3.0,54.565,88.152,124.509,121.507,141.50077,132.63327,140.24705,180.81211,151.496,184.648,202.193,295.416,379.808,644.262,792.306,728.861,841.5708,543.87273,894.29386,1205.38849,1096.0,1058.56454,737.65214,625.70436,802.70414,1055.35335,1258.88559,822.58974]}