{"Year":[2010,2010,2010],"Sex":[null,"Female","Male"],"Value":[34.1144,35.13613,33.11286]}