{"Year":[2000,2001,2002,2003,2004,2005,2006,2007,2008,2009,2010,2011,2012,2013,2014,2015,2016,2017,2018,2019,2020,2000,2001,2002,2003,2004,2005,2006,2007,2008,2009,2010,2011,2012,2013,2014,2015,2016,2017,2018,2019,2020,2000,2001,2002,2003,2004,2005,2006,2007,2008,2009,2010,2011,2012,2013,2014,2015,2016,2017,2018,2019,2020],"NATURE":["M","C","C","M","M","C","C","M","M","C","C","C","M","C","C","C","C","M","C","C","M","M","M","M","M","M","M","M","M","M","M","M","M","M","M","M","M","M","M","M","M","M","M","C","C","M","M","C","C","M","M","C","C","C","M","M","C","C","C","M","C","C","M"],"Degree of urbanisation":[null,null,null,null,null,null,null,null,null,null,null,null,null,null,null,null,null,null,null,null,null,"Rural","Rural","Rural","Rural","Rural","Rural","Rural","Rural","Rural","Rural","Rural","Rural","Rural","Rural","Rural","Rural","Rural","Rural","Rural","Rural","Rural","Urban","Urban","Urban","Urban","Urban","Urban","Urban","Urban","Urban","Urban","Urban","Urban","Urban","Urban","Urban","Urban","Urban","Urban","Urban","Urban","Urban"],"Value":[7.35113,8.6,7.8,10.56355,11.62546,8.9,9.0,14.81782,15.89281,10.0,12.1,14.6,20.31927,13.9,20.4,18.5,26.7,32.52115,41.92,41.3,42.07442,1.51039,2.27215,1.96622,4.1218,4.96422,0.71002,2.07853,7.4286,8.23729,1.85511,3.46845,4.46494,11.52356,2.80383,11.90754,9.04652,17.69438,23.14743,32.54464,31.79896,32.83161,41.01222,43.9,39.3,44.22985,45.31826,49.0,41.8,48.71148,49.8796,45.0,48.0,55.4,54.58914,55.74863,51.4,51.9,57.5,63.55838,71.98,70.8,69.871]}